{
    "Myo_val": 0.9376731786812986,
    "RV_val": 0.8633832004852774,
    "LV_val": 0.8743838058716354,
    "val": 0.8918133950127372,
    "Myo_train": 0.9593344452292963,
    "RV_train": 0.8991042184540631,
    "LV_train": 0.9397797243533896,
    "train": 0.9327394626789163,
}
