{
    "val": 0.8149702622823175,
    "train": 0.7899811352954546,
    "RVC_val": 0.815838634326696,
    "LVC_val": 0.7517415149086768,
    "LVMyo_val": 0.8773306376115796,
    "RVC_train": 0.7814212342898459,
    "LVC_train": 0.7201040267193222,
    "LVMyo_train": 0.8684181448771956
}