{
    "val": 0.6381229442575669,
    "train": 0.6818083517869783,
    "RVC_val": 0.5744017608692986,
    "LVC_val": 0.6172422052519481,
    "LVMyo_val": 0.7227248666514542,
    "RVC_train": 0.6540972855529588,
    "LVC_train": 0.617558534800429,
    "LVMyo_train": 0.7737692350075468
}