{
    "Myo_val": 0.9311511710743392,
    "RV_val": 0.8664158182564561,
    "LV_val": 0.8844833331879716,
    "val": 0.8940167741729222,
    "Myo_train": 0.9529894495133979,
    "RV_train": 0.8829555453662575,
    "LV_train": 0.9300291711133012,
    "train": 0.9219913886643188
}