{
    "Myo_val": 0.003631361860665193,
    "RV_val": 0.0,
    "LV_val": 0.0,
    "val": 0.0012104539535550643,
    "Myo_train": 0.4848826949969497,
    "RV_train": 0.029122683860553635,
    "LV_train": 0.002046725577662129,
    "train": 0.17201736814505517
}