{
    "Myo_val": 0.9272929546026522,
    "RV_val": 0.8419141038104352,
    "LV_val": 0.8621897783600531,
    "val": 0.8771322789243801,
    "Myo_train": 0.9550964033031798,
    "RV_train": 0.8883096381256943,
    "LV_train": 0.926553764719132,
    "train": 0.9233199353826688
}