{
    "Myo_val": 0.924760544030274,
    "RV_val": 0.833667943781537,
    "LV_val": 0.8531441016923843,
    "val": 0,
    "Myo_train": 0.921522003913964,
    "RV_train": 0.8539125831429388,
    "LV_train": 0.8872696007494584,
    "train": 0.8875680626021204
}
