{
    "val": 0.827954235231905,
    "train": 0.9282699087706805
}