{
    "val": 0.863192925913688,
    "train": 0.8872595812491928
}