{
    "val": 0.46357275979033147,
    "train": 0.48663987204295883,
    "RVC_val": 0.48276458823831836,
    "LVC_val": 0.22011504768041687,
    "LVMyo_val": 0.6878386434522591,
    "RVC_train": 0.5733172382502527,
    "LVC_train": 0.1506876380980599,
    "LVMyo_train": 0.7359147397805638
}