{
    "Myo_val": 0.9093872700108211,
    "RV_val": 0.8049034317282242,
    "LV_val": 0.8054304684878966,
    "val": 0.839907056742314,
    "Myo_train": 0.9394160901071528,
    "RV_train": 0.844696715653948,
    "LV_train": 0.8859353333225963,
    "train": 0.8900160463612323
}