{
    "val": 0.8469137147650152,
    "train": 0.8642157238176522
}