{
    "val": 0.8633260764736197,
    "train": 0.9257404012803886
}