{
    "Myo_val": 0.9157184772986426,
    "RV_val": 0.8313892036191227,
    "LV_val": 0.845387322909645,
    "val": 0.8641650012758034,
    "Myo_train": 0.9320364527865579,
    "RV_train": 0.8323558352239256,
    "LV_train": 0.8897257825151546,
    "train": 0.8847060235085461
}