{
    "val": 0.8869800160379632,
    "train": 0.9092332781688791
}