{
    "val": 0.8099839174769136,
    "train": 0.953394041317333
}