{
    "val": 0.8219463848241972,
    "train": 0.9298087932455105
}