{
    "val": 0.8131656516560368,
    "train": 0.9481559778704791
}